<?xml version="1.0" encoding="UTF-8" standalone="yes"?>
<addon id="plugin.program.tvban" name="TVBAN [COLOR dodgerblue]WIZARD[/COLOR]" version="5.9.4" provider-name="tvban">
  <requires>
    <import addon="xbmc.python" version="2.1.0"/>
  </requires>
  <extension point="xbmc.python.pluginsource" library="default.py">
    <provides>executable</provides>
  </extension>
  <extension point="xbmc.service" library="startup.py" start="startup" />
  <extension point="xbmc.addon.metadata">
    <summary lang="en">TVBAN [COLOR dodgerblue]WIZARD[/COLOR]</summary>
    <description lang="en">BUILD aura-tvban para Kodi 18
Telegram: [COLOR lime]t.me/beelinkking[/COLOR]</description>
<news>- BUILD [COLOR limegreen]aura-tvban[/COLOR] 
07/11/2020
- Añadido Elementum All-One v1.59

^^^^^^^^^^^^^^^^^^^^^^^^^^^^^^^^^^^^^^^^^^^^^^^^

- Mejoras en buffer. 
- Cambio color de springgreen a dodgerblue.
- Incluido Forzar Cierre en menú de apagado.
- Test de Velolcidad.
- Editado texto parche.
- Corregido textos.
 </news>
    <platform>all</platform>
  </extension>
</addon>