<?xml version="1.0" encoding="UTF-8" standalone="yes"?>
<addon id="repository.repotvban" name="[B]TVBAN [COLOR dodgerblue]Repo[/COLOR][/B]" version="4.8.3" provider-name="tvban">
       <extension point="xbmc.addon.repository" name="TVBAN Repo">
              <info>https://raw.githubusercontent.com/tvban/TVBAN-Repo/master/addons.xml</info>
              <checksum>https://raw.githubusercontent.com/tvban/TVBAN-Repo/master/addons.xml.md5</checksum>
              <datadir zip="true">https://raw.githubusercontent.com/tvban/TVBAN-Repo/master/</datadir>
       </extension>
       <extension point="xbmc.addon.metadata">
              <summary>TVBAN [COLOR dodgerblue]Repo[/COLOR]</summary>
              <description lang="es">Repositorio de addons [COLOR dodgerblue]TVBAN[/COLOR]</description>
              <disclaimer></disclaimer>
              <platform>all</platform>
       </extension>
</addon>
