<?xml version="1.0" encoding="UTF-8" standalone="yes"?>
<addon id="plugin.program.tvban" name="TVBAN [COLOR dodgerblue]WIZARD[/COLOR]" version="5.8" provider-name="tvban">
  <requires>
    <import addon="xbmc.python" version="2.1.0"/>
  </requires>
  <extension point="xbmc.python.pluginsource" library="default.py">
    <provides>executable</provides>
  </extension>
  <extension point="xbmc.service" library="startup.py" start="startup" />
  <extension point="xbmc.addon.metadata">
    <summary lang="en">TVBAN [COLOR limegreen]WIZARD[/COLOR]</summary>
    <description lang="en">Build AURA-TVBAN para Kodi 18
Telegram: [COLOR lime]t.me/beelinkking[/COLOR]</description>
<news>- Build [COLOR limegreen]AURA-TVBAN[/COLOR]
- Mejoras en buffer. 
- Mejoras de aspectos. 
- Añadido addon MediaExplorer para visionado de contenido.
- Incluido Forzar Cierre en menú de apagado.
- Nuevos iconos en Videoteca.
- Test de Velolcidad
 </news>
    <platform>all</platform>
  </extension>
</addon>